x0,x1,x2,x3,x4,y
-0.8121590104267281,0.03747454425009075,-1.1296875031231568,0.44713649439751413,-0.5994560232436407,-103.80470797814401
0.8685978572911176,-2.0397767718448656,-1.0423256927052826,1.1363298840124847,1.9705850760913532,205.36041240207135
0.3741808508003102,0.38002789459513775,-1.8424706936184778,0.8297055869182484,-1.0083951755102813,-96.3184308995876
0.9025970580432849,-0.4219787749149559,-0.11300750687488173,-1.0222035373902065,1.0578776395729739,120.75747144781211
1.1594542423775092,0.24013632583534064,-0.48525819729222436,1.600313888762638,-1.2531635578938434,-53.06285754120567
0.25612840725798636,0.47017514472966876,-1.4557224382778309,0.24222131988740545,-0.4514423707763151,-49.40294277396534
-0.7371638175200936,-0.3196282084941896,0.30685440212798726,-1.99161460779653,-0.45182760421010043,-95.8321984081723
-1.1679620836959614,-0.6752836199928672,-0.08387052477182237,-0.1477254938387147,-0.548866420450149,-103.77227870070959
0.909429270805861,0.017739055683327933,-0.030265484054613555,1.1755889231922343,-0.7275967776544837,-14.091719001069555
-0.568290723627399,1.2415444395077042,-2.969379141626527,-0.13625403271315487,-0.8774876045686325,-153.18573062984066
-0.38304564670766167,-0.8494079736317068,1.6627740092318537,0.6251691402574956,0.8275870967420971,87.7435050653811
0.39031656930074127,-0.47982514826098477,-0.23895395691691454,0.40812361318800655,-1.390860827602791,-111.18482713757801
1.3688106944295593,0.24975541587413963,1.3444319649248424,0.6867198476595296,1.0727996374675142,190.2310988906157
1.3057598515175142,-0.2918907514466531,-0.9508116890707085,-0.11641310297251521,-0.48486565878944676,-7.745796670849987
1.1206523683176006,0.9866240515840755,0.4662181759306364,0.33501532488562785,-1.7798321229497114,-99.91631002572342
-0.3112323107842335,0.10825794409970811,-1.1023281425063989,-0.8432497868721278,-1.82641024834038,-210.44203486727935
1.4404147208549083,0.48456691177997163,0.6033991016688508,2.2004845543797185,-0.12203106696941665,89.54285286760188
1.2626806494248377,-0.6668921727804082,-2.290716116377157,0.21419989640426176,0.45523733183493187,56.7141380356511
-0.7775034167148563,0.07647856801486841,2.014587563869054,-0.06262376808667301,0.5914377646204435,57.2997681688759
1.4455057975139285,-0.9316230209874283,1.1859033160044283,0.17525869172910388,-0.736524609954558,13.344002143866728
-0.7066974506570506,0.28568935062264866,1.60910685967462,-0.5517412273833371,0.4530564746612694,34.80376725945749
0.37764691461259003,0.219995586112114,2.1729373257775437,-0.9992011867681106,1.007004948806796,134.44885551044393
1.3963521960373098,0.016953647029424708,1.9230897134542497,-2.249923060359066,2.8378689114095015,324.3773391298469
-0.6777214522351553,-1.1913523878444356,-1.899697189990873,0.6050771728974669,0.39532929173103015,-24.16539863531302
-1.0084151595495647,-1.4370728638352317,2.614007936996935,-0.3757604540287361,2.0848228225556253,181.42976665809732
-2.500615831275424,0.25697273028518053,0.08744124859972909,0.18922656785732256,1.1816161633516935,5.011288098953199
-1.2911528568785193,-0.8155828310943146,-0.7620002115026607,0.9525764456740036,-0.7976896557388146,-132.46190249449708
-0.9098323534942706,-0.3027379807677267,-1.0599432756398341,0.6245698599088786,-0.22040623638542245,-72.04552866765265
1.530460582325795,-0.4930212165098569,-0.30822886000247673,1.3911979964936751,0.9812855768550061,167.4582736024644
2.8791867997042173,0.2759578256877501,-1.606431783688365,0.6901466149394857,-1.3345072997373528,-15.117157826672946
0.09870528334845413,-1.3957507590085196,-1.6541053059870203,1.9273306499415401,-0.7989215665769243,-78.7193175856558
1.743303934871467,0.7401795872048218,-1.2304986515914196,0.7450291934611423,1.0847188333624007,167.4783227880822
0.682775256445976,-0.7951921231165943,-1.220001168106772,-0.14735549163872325,-0.5379558611702788,-45.89433102928635
-0.9996244456409417,1.6129829439161503,0.4135045164419689,-1.9816915337702257,1.2563472292453957,61.38920619081677
0.3954388154109229,1.7452038245900063,1.1297195024440623,0.2005479563936511,0.06006565101729757,52.23897383161067
-0.7468407858389476,0.3828641087006323,-0.035975133307537786,-0.9495407672565945,-1.204541433544294,-152.60953506887682
0.0054759771995715,-0.536140984253148,-0.32640162130842987,-1.3950912953299077,-0.10365293455992658,-35.580006856696365
-1.1952027371712608,-1.2898348559446624,0.25119070854926573,-1.5000453283263262,0.4294905830112805,-30.721533018602376
0.5228627671580871,1.3047649294850097,0.6696716346966856,0.4110984035930011,1.3270417337754605,167.84543641107393
0.6255743433608718,-1.0284500808394625,1.7435756518256518,-2.388390494915002,-1.8797092136820244,-148.33870192558956
0.4817497680184569,-2.5422725728902873,0.6054394746341192,-2.0187934347595604,0.37755253665492666,30.408427148235926
-1.3464155966546094,-0.7761988829968588,1.927960504340704,0.8993159304509475,0.2970614285285941,11.485132623294911
0.788333038747019,1.0645972312359107,0.05558807516303831,0.2995197231023495,1.0052205054002943,136.4718067882203
0.09739133233455445,0.693839834015353,1.168765988760689,1.1765597649490318,-0.43598714357453733,1.522929870519764
1.5187087377074302,-0.6441733930473137,-1.334844820844885,-1.145034199924819,-1.4573989911777134,-106.89748284171041
-0.05465416121902191,-0.327723068421983,1.6142955805671595,1.3200379884020865,-0.7270332409681151,-28.37998575882935
-0.6272703081828153,1.226148202702997,-1.4212416550611593,-1.8444851441894239,0.06445417864594205,-63.311903592085
-0.19083118645538774,-0.7774591005475523,1.9267170019210362,-0.7392072071948227,-1.1387524531787698,-91.11702234972853
-0.49523638984138096,1.2384951628649443,-0.8574609984857825,-1.6959675523444737,0.3809209551450699,-16.653749898673432
0.13820917306790872,0.5515637616675725,0.47429178499970964,-1.096277925302643,-0.15109283231108467,-9.168211650274559
-1.566069056467005,-1.7151481058722196,0.41532907862982604,-0.7686632611300058,-1.8744512829456494,-248.02691690530517
0.33257479463743567,-0.18476371464818947,-0.07213245439515441,-0.7712844428233396,-1.4922603758419957,-132.7604632423759
-0.2358738085295937,0.10950201645787765,0.3490327091547662,0.25344042529271127,-1.6533840714735402,-152.64187779434576
-0.05123895505496723,0.2508364938535497,-0.8954831179807715,-0.21011716268544925,0.46645534755979495,24.66119873821821
1.006142327828983,-0.6945578881127995,-1.9397525783197735,-1.1306429192544265,0.42627848694115,33.0487915075358
-0.8658208081795403,-0.215303957298155,-1.0162005704547235,0.4577148572076516,1.283568140261203,68.1757147715416
-0.9649371223750833,-0.07777740293296109,0.1319569949507505,1.0414025172377404,0.05057797039865509,-21.12477442236577
0.2891615072633492,2.003352167788065,1.0854867212281831,-0.40441540204301196,0.6357941902230753,91.99082982639084
-0.3275809128899858,-1.5019159358339853,0.5796415207906717,-1.5971887566618186,0.09814518907111441,-19.426289486143915
1.2719032125156837,-0.27251460774692493,-0.021131041152601587,1.0287622366362705,0.5113873688748326,113.24469661840727
-0.6637244849407479,-0.6828667757463857,0.41392453732112355,0.35759427127591087,0.32110610965083924,10.0363829218986
-0.07189713805581917,-0.28521800299625444,0.6254547230302242,-0.18258367547584975,0.6428886514607378,63.57329834881938
-0.2745704233130788,-1.7755076460805808,0.5249131576622802,1.5803700538916905,0.6242081955484196,65.57297205893656
1.112331567457609,0.02968215358702907,0.17788713438834006,-0.19701080145582536,-1.6319409683510446,-100.58623401371693
0.5165405783583118,-0.7484286746041617,1.1271338593437545,0.19200508144928166,0.5411834915071502,91.21979069689276
0.9398754973719906,0.6612402040738284,1.284691527105009,1.1700718885262038,-0.5790198196957322,27.769218872452047
0.4910451429225026,-0.2174953323960271,1.022297530511891,-0.0402085380409153,-2.3341864225147235,-177.40761321326337
-2.0682577623434075,-1.0837220061651993,-0.43191027926739195,0.060612850154215935,1.0084163385441922,-7.698709924203123
-0.5404902361584173,-0.06728915706379786,-0.7105610961011452,-0.4100286205706068,0.2880152335199648,-14.418136116210224
1.2418238263718218,-0.8245785832994905,-0.9942863049539601,1.3602120477367583,2.4065351989263335,271.8269632101694
-0.8918203329169759,-0.9934594369476673,1.2416793677482554,0.7341245819554276,1.1005529153120175,89.8139489593959
-0.7589788136302704,-0.5751039933126997,-0.3320999078712636,-0.10398978171636628,0.15865741299236588,-26.835814337218633
0.2831214372552631,-0.1210063420104518,1.6537613496431727,-1.3076778366326618,0.17729318337201155,40.695553189283466
0.6024687000965864,-0.8490230851301004,0.6853217658868346,-0.11207546569858388,-1.2684576047334564,-81.90208978748896
-2.035832855734604,-1.1605504837806941,2.270486414717178,-1.3327624212480975,0.09867024864529005,-60.906634018168916
1.0370327619076003,0.21264109471593193,0.2688767212144926,-0.29774825873697097,-1.658011410709495,-105.72039604220595
-0.4863722542601862,1.191149742979256,0.8105617854988663,0.3928600532196961,0.4350617260376699,42.05547850431566
-1.3307895756807078,-0.5969219106459264,-1.244504892495311,-0.21214778844403695,-1.6349569963370856,-233.89429409561424
-0.35993831475141325,1.648879448968697,-1.7147403499293496,-0.03932185708071973,1.1735099161393117,70.67556921290885
-1.9391735431823383,-0.9023228439288526,0.2045905510178337,-1.758822497654154,0.2644716015574323,-81.31447260338277
-1.063271594415247,-0.1316541190126931,0.23352116000221662,-1.6261809691567566,0.6588805126264443,-1.1889676838169085
1.0331944781101012,0.33876491788409413,-0.8041861215443826,-1.1428032318278423,-0.357147460115773,-13.765477263309485
-0.7905439841365924,0.584847841772059,-0.7102198759921464,-0.3253529304880397,0.32362519270959567,-18.917396347270174
0.29269192418784307,-0.3333505014583579,-0.7170818908110966,-1.0873213353230462,0.49169927512143985,29.836458573762478
-0.6552861119616402,1.0963950857840692,-0.9473964899248114,0.452914971494929,-1.9926124986417224,-215.34646452746355
-0.44217672056924784,0.002104028713015006,-1.001662145632158,-0.8751325472645908,2.160566750056963,153.42708206934293
0.4825233121598736,-0.8090592250594895,1.0023887197934431,-0.49800646242215424,0.27684746921536774,54.44266227036691
-0.5176618627079278,-0.09537183664531605,-0.8503023532292574,-0.2690097056278418,0.24349173303444177,-20.478757914788606
-0.27388672640265355,-0.8319494701071004,-0.5658537109483931,0.8848889469642315,0.42707809349816145,25.892980112745462
1.1779676287841534,-1.2182798754257407,-0.09823634991051822,0.12076555968760033,-1.4524825226087246,-88.20073020413209
-0.8241279431066063,-0.24578044544041042,-0.3963976688629991,0.8094519164061333,-1.0322948703562638,-126.76858677496918
1.0637990046674528,0.38101772861647426,-0.9608129235399985,-1.3287419067313775,-0.4419417275111775,-23.54023613581281
0.7508764635347109,-0.7432096398189559,1.1566535890723264,-0.43634220142055935,0.3899851938999226,78.56669243503895
-0.5265406535623457,-1.3396420882726519,0.7599019730820863,-0.8790340258869457,0.14639775948957404,-13.972633475287616
0.2472368990344999,-0.22687981819733397,-0.4421087172406375,-0.2883647417812164,1.5631153291434932,140.45552705618576
0.6331278265994819,1.0417879442442803,1.8106296986840185,-0.20205732311638602,-1.2196511262106648,-50.99375442774401
-1.1838500193765396,-1.0384717372387802,-0.968247478817733,-1.5359317900655662,1.29111691553033,28.62165291737033
-1.6347543425340112,-0.26058626281260194,0.8767968694933318,1.107476712024064,1.0605698406201813,54.1865570481054
-0.16991359214367804,0.9292406306478521,-0.8283348830509055,0.24963835746761956,1.018061933932046,78.32872805252721
1.6067135862329824,1.2435920357657613,0.7377659445737242,-1.7859825901717041,-1.1743274327029776,-42.5096131158984
